ID,Name,Temperature,Rainfall,Spawn Chance,Root Height,Height Variation,Types,Class
0,Ocean,0.5,0.5,0.1,-1.0,0.1,OCEAN,net.minecraft.world.biome.BiomeGenOcean
1,Plains,0.8,0.4,0.1,0.125,0.05,PLAINS,net.minecraft.world.biome.BiomeGenPlains
2,Desert,2.0,0.0,0.1,0.125,0.05,"HOT, DRY, SANDY",net.minecraft.world.biome.BiomeGenDesert
3,Extreme Hills,0.2,0.3,0.1,1.0,0.5,"MOUNTAIN, HILLS",net.minecraft.world.biome.BiomeGenHills
4,Forest,0.7,0.8,0.1,0.1,0.2,FOREST,net.minecraft.world.biome.BiomeGenForest
5,Taiga,0.25,0.8,0.1,0.2,0.2,"COLD, CONIFEROUS, FOREST",net.minecraft.world.biome.BiomeGenTaiga
6,Swampland,0.8,0.9,0.1,-0.2,0.1,"WET, SWAMP",net.minecraft.world.biome.BiomeGenSwamp
7,River,0.5,0.5,0.1,-0.5,0.0,RIVER,net.minecraft.world.biome.BiomeGenRiver
8,Hell,2.0,0.0,0.1,0.1,0.2,"HOT, DRY, NETHER",net.minecraft.world.biome.BiomeGenHell
9,Sky,0.5,0.5,0.1,0.1,0.2,"COLD, DRY, END",net.minecraft.world.biome.BiomeGenEnd
10,FrozenOcean,0.0,0.5,0.1,-1.0,0.1,"COLD, OCEAN, SNOWY",net.minecraft.world.biome.BiomeGenOcean
11,FrozenRiver,0.0,0.5,0.1,-0.5,0.0,"COLD, RIVER, SNOWY",net.minecraft.world.biome.BiomeGenRiver
12,Ice Plains,0.0,0.5,0.1,0.125,0.05,"COLD, SNOWY, WASTELAND",net.minecraft.world.biome.BiomeGenSnow
13,Ice Mountains,0.0,0.5,0.1,0.45,0.3,"COLD, MOUNTAIN, SNOWY",net.minecraft.world.biome.BiomeGenSnow
14,MushroomIsland,0.9,1.0,0.1,0.2,0.3,MUSHROOM,net.minecraft.world.biome.BiomeGenMushroomIsland
15,MushroomIslandShore,0.9,1.0,0.1,0.0,0.025,"MUSHROOM, BEACH",net.minecraft.world.biome.BiomeGenMushroomIsland
16,Beach,0.8,0.4,0.1,0.0,0.025,BEACH,net.minecraft.world.biome.BiomeGenBeach
17,DesertHills,2.0,0.0,0.1,0.45,0.3,"HOT, DRY, HILLS, SANDY",net.minecraft.world.biome.BiomeGenDesert
18,ForestHills,0.7,0.8,0.1,0.45,0.3,"FOREST, HILLS",net.minecraft.world.biome.BiomeGenForest
19,TaigaHills,0.25,0.8,0.1,0.45,0.3,"COLD, CONIFEROUS, FOREST, HILLS",net.minecraft.world.biome.BiomeGenTaiga
20,Extreme Hills Edge,0.2,0.3,0.1,0.8,0.3,MOUNTAIN,net.minecraft.world.biome.BiomeGenHills
21,Jungle,0.95,0.9,0.1,0.1,0.2,"HOT, DENSE, WET, JUNGLE",net.minecraft.world.biome.BiomeGenJungle
22,JungleHills,0.95,0.9,0.1,0.45,0.3,"HOT, DENSE, WET, JUNGLE, HILLS",net.minecraft.world.biome.BiomeGenJungle
23,JungleEdge,0.95,0.8,0.1,0.1,0.2,"HOT, WET, JUNGLE, FOREST",net.minecraft.world.biome.BiomeGenJungle
24,Deep Ocean,0.5,0.5,0.1,-1.8,0.1,OCEAN,net.minecraft.world.biome.BiomeGenOcean
25,Stone Beach,0.2,0.3,0.1,0.1,0.8,BEACH,net.minecraft.world.biome.BiomeGenStoneBeach
26,Cold Beach,0.05,0.3,0.1,0.0,0.025,"COLD, SNOWY, BEACH",net.minecraft.world.biome.BiomeGenBeach
27,Birch Forest,0.6,0.6,0.1,0.1,0.2,FOREST,net.minecraft.world.biome.BiomeGenForest
28,Birch Forest Hills,0.6,0.6,0.1,0.45,0.3,"FOREST, HILLS",net.minecraft.world.biome.BiomeGenForest
29,Roofed Forest,0.7,0.8,0.1,0.1,0.2,"DENSE, SPOOKY, FOREST",net.minecraft.world.biome.BiomeGenForest
30,Cold Taiga,-0.5,0.4,0.1,0.2,0.2,"COLD, CONIFEROUS, FOREST, SNOWY",net.minecraft.world.biome.BiomeGenTaiga
31,Cold Taiga Hills,-0.5,0.4,0.1,0.45,0.3,"COLD, CONIFEROUS, FOREST, HILLS, SNOWY",net.minecraft.world.biome.BiomeGenTaiga
32,Mega Taiga,0.3,0.8,0.1,0.2,0.2,"COLD, CONIFEROUS, FOREST",net.minecraft.world.biome.BiomeGenTaiga
33,Mega Taiga Hills,0.3,0.8,0.1,0.45,0.3,"COLD, CONIFEROUS, FOREST, HILLS",net.minecraft.world.biome.BiomeGenTaiga
34,Extreme Hills+,0.2,0.3,0.1,1.0,0.5,"SPARSE, FOREST, MOUNTAIN",net.minecraft.world.biome.BiomeGenHills
35,Savanna,1.2,0.0,0.1,0.125,0.05,"HOT, SPARSE, SAVANNA, PLAINS",net.minecraft.world.biome.BiomeGenSavanna
36,Savanna Plateau,1.0,0.0,0.1,1.5,0.025,"HOT, SPARSE, SAVANNA, PLAINS",net.minecraft.world.biome.BiomeGenSavanna
37,Mesa,2.0,0.0,0.1,0.1,0.2,"MESA, SANDY",net.minecraft.world.biome.BiomeGenMesa
38,Mesa Plateau F,2.0,0.0,0.1,1.5,0.025,"SPARSE, MESA, SANDY",net.minecraft.world.biome.BiomeGenMesa
39,Mesa Plateau,2.0,0.0,0.1,1.5,0.025,"MESA, SANDY",net.minecraft.world.biome.BiomeGenMesa
40,Storage Cell,-100.0,0.5,0.1,0.1,0.2,"COLD, PLAINS",appeng.spatial.BiomeGenStorage
41,null,null,null,null
42,null,null,null,null
43,null,null,null,null
44,null,null,null,null
45,null,null,null,null
46,null,null,null,null
47,null,null,null,null
48,null,null,null,null
49,null,null,null,null
50,null,null,null,null
51,null,null,null,null
52,null,null,null,null
53,null,null,null,null
54,null,null,null,null
55,null,null,null,null
56,null,null,null,null
57,null,null,null,null
58,null,null,null,null
59,null,null,null,null
60,null,null,null,null
61,null,null,null,null
62,null,null,null,null
63,null,null,null,null
64,null,null,null,null
65,null,null,null,null
66,null,null,null,null
67,null,null,null,null
68,null,null,null,null
69,null,null,null,null
70,null,null,null,null
71,null,null,null,null
72,null,null,null,null
73,null,null,null,null
74,null,null,null,null
75,null,null,null,null
76,null,null,null,null
77,null,null,null,null
78,null,null,null,null
79,null,null,null,null
80,null,null,null,null
81,null,null,null,null
82,null,null,null,null
83,null,null,null,null
84,null,null,null,null
85,null,null,null,null
86,null,null,null,null
87,null,null,null,null
88,null,null,null,null
89,null,null,null,null
90,null,null,null,null
91,null,null,null,null
92,null,null,null,null
93,null,null,null,null
94,null,null,null,null
95,null,null,null,null
96,null,null,null,null
97,null,null,null,null
98,null,null,null,null
99,null,null,null,null
100,Darklands,0.5,0.5,0.1,0.1,0.2,"SPOOKY, WASTELAND",com.shinoow.abyssalcraft.common.world.biome.BiomeGenDarklands
101,Abyssal Wastelands,0.5,0.5,0.1,0.1,0.2,DEAD,com.shinoow.abyssalcraft.common.world.biome.BiomeGenAbywasteland
102,Dreadlands,0.5,0.5,0.1,0.1,0.2,DEAD,com.shinoow.abyssalcraft.common.world.biome.BiomeGenDreadlands
103,Purified Dreadlands,0.5,0.5,0.1,0.1,0.2,DEAD,com.shinoow.abyssalcraft.common.world.biome.BiomeGenAbyDreadlands
104,Dreadlands Forest,0.5,0.5,0.1,0.1,0.2,DEAD,com.shinoow.abyssalcraft.common.world.biome.BiomeGenForestDreadlands
105,Dreadlands Mountains,0.5,0.5,0.1,1.3,0.9,DEAD,com.shinoow.abyssalcraft.common.world.biome.BiomeGenMountainDreadlands
106,Darklands Forest,0.5,0.5,0.1,0.1,0.2,"SPOOKY, FOREST",com.shinoow.abyssalcraft.common.world.biome.BiomeGenDarklandsForest
107,Darklands Plains,0.5,0.5,0.1,0.1,0.2,"SPOOKY, PLAINS",com.shinoow.abyssalcraft.common.world.biome.BiomeGenDarklandsPlains
108,Darklands Highland,0.5,0.5,0.1,1.1,0.5,"SPOOKY, HILLS",com.shinoow.abyssalcraft.common.world.biome.BiomeGenDarklandsHills
109,Darklands Mountains,0.5,0.5,0.1,1.3,0.9,"SPOOKY, MOUNTAIN",com.shinoow.abyssalcraft.common.world.biome.BiomeGenDarklandsMountains
110,Coralium Infested Swamp,0.5,0.5,0.1,-0.2,0.1,SWAMP,com.shinoow.abyssalcraft.common.world.biome.BiomeGenCorSwamp
111,null,null,null,null
112,Omothol,0.5,0.5,0.1,0.1,0.2,DEAD,com.shinoow.abyssalcraft.common.world.biome.BiomeGenOmothol
113,Dark Realm,0.5,0.5,0.1,0.1,0.2,DEAD,com.shinoow.abyssalcraft.common.world.biome.BiomeGenDarkRealm
114,null,null,null,null
115,null,null,null,null
116,null,null,null,null
117,null,null,null,null
118,null,null,null,null
119,null,null,null,null
120,null,null,null,null
121,null,null,null,null
122,null,null,null,null
123,null,null,null,null
124,null,null,null,null
125,null,null,null,null
126,Ocean Oil Field,0.5,0.5,0.1,-1.0,0.1,"OCEAN, RIVER",buildcraft.energy.worldgen.BiomeGenOilOcean
127,Desert Oil Field,2.0,0.0,0.1,0.1,0.2,SANDY,buildcraft.energy.worldgen.BiomeGenOilDesert
128,null,null,null,null
129,Sunflower Plains,0.8,0.4,0.1,0.125,0.05,PLAINS,net.minecraft.world.biome.BiomeGenPlains
130,Desert M,2.0,0.0,0.1,0.225,0.25,"HOT, DRY, PLAINS, SANDY",net.minecraft.world.biome.BiomeGenMutated
131,Extreme Hills M,0.2,0.3,0.1,1.0,0.5,HILLS,net.minecraft.world.biome.BiomeGenHills
132,Flower Forest,0.7,0.8,0.1,0.1,0.4,"FOREST, HILLS",net.minecraft.world.biome.BiomeGenForest
133,Taiga M,0.25,0.8,0.1,0.3,0.4,HILLS,net.minecraft.world.biome.BiomeGenMutated
134,Swampland M,0.8,0.9,0.1,-0.1,0.3,"WET, SWAMP",net.minecraft.world.biome.BiomeGenMutated
135,null,null,null,null
136,null,null,null,null
137,null,null,null,null
138,null,null,null,null
139,null,null,null,null
140,Ice Plains Spikes,0.0,0.5,0.1,0.425,0.45000002,"COLD, HILLS, SNOWY",net.minecraft.world.biome.BiomeGenSnow
141,null,null,null,null
142,null,null,null,null
143,null,null,null,null
144,null,null,null,null
145,null,null,null,null
146,null,null,null,null
147,null,null,null,null
148,null,null,null,null
149,Jungle M,0.95,0.9,0.1,0.2,0.4,"HOT, WET, HILLS",net.minecraft.world.biome.BiomeGenMutated
150,null,null,null,null
151,JungleEdge M,0.95,0.8,0.1,0.2,0.4,"HOT, HILLS",net.minecraft.world.biome.BiomeGenMutated
152,null,null,null,null
153,null,null,null,null
154,null,null,null,null
155,Birch Forest M,0.6,0.6,0.1,0.2,0.4,HILLS,null
156,Birch Forest Hills M,0.6,0.6,0.1,0.55,0.5,HILLS,null
157,Roofed Forest M,0.7,0.8,0.1,0.2,0.4,HILLS,null
158,Cold Taiga M,-0.5,0.4,0.1,0.3,0.4,"COLD, HILLS, SNOWY",net.minecraft.world.biome.BiomeGenMutated
159,null,null,null,null
160,Mega Spruce Taiga,0.25,0.8,0.1,0.2,0.2,"DENSE, FOREST",net.minecraft.world.biome.BiomeGenTaiga
161,Mega Spruce Taiga,0.25,0.8,0.1,0.2,0.2,"DENSE, FOREST",net.minecraft.world.biome.BiomeGenTaiga
162,Extreme Hills+ M,0.2,0.3,0.1,1.0,0.5,HILLS,net.minecraft.world.biome.BiomeGenHills
163,Savanna M,1.1,0.0,0.1,0.3625,1.225,"HOT, SPARSE, DRY, SAVANNA, HILLS",net.minecraft.world.biome.BiomeGenSavanna$Mutated
164,Savanna Plateau M,1.0,0.0,0.1,1.05,1.2125001,"HOT, SPARSE, DRY, SAVANNA, HILLS",net.minecraft.world.biome.BiomeGenSavanna$Mutated
165,Mesa (Bryce),2.0,0.0,0.1,0.1,0.2,"HOT, DRY, PLAINS, SANDY",net.minecraft.world.biome.BiomeGenMesa
166,Mesa Plateau F M,2.0,0.0,0.1,0.45,0.3,"HOT, DRY, FOREST, SANDY",net.minecraft.world.biome.BiomeGenMesa
167,Mesa Plateau M,2.0,0.0,0.1,0.45,0.3,"HOT, DRY, PLAINS, SANDY",net.minecraft.world.biome.BiomeGenMesa
168,null,null,null,null
169,null,null,null,null
170,null,null,null,null
171,null,null,null,null
172,null,null,null,null
173,null,null,null,null
174,null,null,null,null
175,null,null,null,null
176,null,null,null,null
177,null,null,null,null
178,null,null,null,null
179,null,null,null,null
180,null,null,null,null
181,null,null,null,null
182,null,null,null,null
183,null,null,null,null
184,null,null,null,null
185,null,null,null,null
186,null,null,null,null
187,null,null,null,null
188,null,null,null,null
189,null,null,null,null
190,null,null,null,null
191,null,null,null,null
192,null,null,null,null
193,null,null,null,null
194,null,null,null,null
195,null,null,null,null
196,null,null,null,null
197,null,null,null,null
198,null,null,null,null
199,null,null,null,null
200,null,null,null,null
201,null,null,null,null
202,null,null,null,null
203,null,null,null,null
204,null,null,null,null
205,null,null,null,null
206,null,null,null,null
207,null,null,null,null
208,null,null,null,null
209,null,null,null,null
210,null,null,null,null
211,null,null,null,null
212,null,null,null,null
213,null,null,null,null
214,null,null,null,null
215,null,null,null,null
216,null,null,null,null
217,null,null,null,null
218,null,null,null,null
219,null,null,null,null
220,null,null,null,null
221,null,null,null,null
222,null,null,null,null
223,null,null,null,null
224,null,null,null,null
225,null,null,null,null
226,null,null,null,null
227,null,null,null,null
228,null,null,null,null
229,null,null,null,null
230,null,null,null,null
231,null,null,null,null
232,null,null,null,null
233,null,null,null,null
234,null,null,null,null
235,null,null,null,null
236,null,null,null,null
237,null,null,null,null
238,null,null,null,null
239,null,null,null,null
240,null,null,null,null
241,null,null,null,null
242,null,null,null,null
243,null,null,null,null
244,null,null,null,null
245,null,null,null,null
246,null,null,null,null
247,null,null,null,null
248,null,null,null,null
249,null,null,null,null
250,null,null,null,null
251,null,null,null,null
252,null,null,null,null
253,null,null,null,null
254,null,null,null,null
255,null,null,null,null
