{
  "tools": {
    "axe": {
      "name": "Axe",
      "icon": "minecraft:diamond_axe",
      "toollist": [
        "IC2:itemToolBronzeAxe",
        "IC2:itemToolChainsaw",
        "TConstruct:hatchet",
        "appliedenergistics2:item.ToolCertusQuartzAxe",
        "appliedenergistics2:item.ToolNetherQuartzAxe",
        "minecraft:diamond_axe",
        "minecraft:golden_axe",
        "minecraft:iron_axe",
        "minecraft:stone_axe",
        "minecraft:wooden_axe"
      ],
      "blocklist": [
        "Forestry:leaves",
        "Forestry:logs",
        "Forestry:logsFireproof",
        "IC2:blockRubLeaves",
        "abyssalcraft:dltleaves/0",
        "abyssalcraft:dltlog/0",
        "abyssalcraft:dreadleaves/0",
        "abyssalcraft:dreadlog/0",
        "minecraft:fence",
        "minecraft:leaves",
        "minecraft:leaves2",
        "minecraft:log",
        "minecraft:log2",
        "totemic:cedarLog/0",
        "totemic:totemLeaves/0"
      ]
    },
    "hoe": {
      "name": "Hoe",
      "icon": "minecraft:diamond_hoe",
      "toollist": [
        "IC2:itemToolBronzeHoe",
        "TConstruct:mattock",
        "appliedenergistics2:item.ToolCertusQuartzHoe",
        "appliedenergistics2:item.ToolNetherQuartzHoe",
        "minecraft:diamond_hoe",
        "minecraft:golden_hoe",
        "minecraft:iron_hoe",
        "minecraft:stone_hoe",
        "minecraft:wooden_hoe"
      ],
      "blocklist": [
        "minecraft:carrots",
        "minecraft:melon_block",
        "minecraft:potatoes",
        "minecraft:pumpkin",
        "minecraft:wheat"
      ]
    },
    "pickaxe": {
      "name": "Pickaxe",
      "icon": "minecraft:diamond_pickaxe",
      "toollist": [
        "IC2:itemToolBronzePickaxe",
        "IC2:itemToolDDrill",
        "IC2:itemToolDrill",
        "IC2:itemToolIridiumDrill",
        "TConstruct:pickaxe",
        "appliedenergistics2:item.ToolCertusQuartzPickaxe",
        "appliedenergistics2:item.ToolNetherQuartzPickaxe",
        "minecraft:diamond_pickaxe",
        "minecraft:golden_pickaxe",
        "minecraft:iron_pickaxe",
        "minecraft:stone_pickaxe",
        "minecraft:wooden_pickaxe"
      ],
      "blocklist": [
        "DraconicEvolution:draconiumOre/0",
        "Forestry:resources/0",
        "Forestry:resources/1",
        "Forestry:resources/2",
        "IC2:blockOreCopper/0",
        "IC2:blockOreLead/0",
        "IC2:blockOreTin/0",
        "IC2:blockOreUran/0",
        "Railcraft:ore/0",
        "Railcraft:ore/1",
        "Railcraft:ore/2",
        "Railcraft:ore/3",
        "Railcraft:ore/4",
        "Railcraft:ore/5",
        "Railcraft:ore/7",
        "Railcraft:ore/8",
        "Railcraft:ore/9",
        "Railcraft:ore/10",
        "Railcraft:ore/11",
        "TConstruct:GravelOre/0",
        "TConstruct:GravelOre/1",
        "TConstruct:GravelOre/2",
        "TConstruct:GravelOre/3",
        "TConstruct:GravelOre/4",
        "TConstruct:GravelOre/5",
        "TConstruct:SearedBrick/1",
        "TConstruct:SearedBrick/2",
        "TConstruct:SearedBrick/3",
        "TConstruct:SearedBrick/4",
        "TConstruct:SearedBrick/5",
        "TConstruct:ore.berries.one/0",
        "TConstruct:ore.berries.one/1",
        "TConstruct:ore.berries.one/2",
        "TConstruct:ore.berries.one/3",
        "TConstruct:ore.berries.two/0",
        "TConstruct:ore.berries.two/1",
        "ThermalFoundation:Ore/0",
        "ThermalFoundation:Ore/1",
        "ThermalFoundation:Ore/2",
        "ThermalFoundation:Ore/3",
        "ThermalFoundation:Ore/4",
        "ThermalFoundation:Ore/5",
        "ThermalFoundation:Ore/6",
        "abyssalcraft:abycopore/0",
        "abyssalcraft:abycorore/0",
        "abyssalcraft:abydiaore/0",
        "abyssalcraft:abydreadore/0",
        "abyssalcraft:abygolore/0",
        "abyssalcraft:abyiroore/0",
        "abyssalcraft:abylcorore/0",
        "abyssalcraft:abynitore/0",
        "abyssalcraft:abyore/0",
        "abyssalcraft:abypcorore/0",
        "abyssalcraft:abytinore/0",
        "abyssalcraft:coraliumore/0",
        "abyssalcraft:coraliumstone/0",
        "abyssalcraft:dreadore/0",
        "abyssalcraft:nitreore/0",
        "appliedenergistics2:tile.OreQuartz/0",
        "appliedenergistics2:tile.OreQuartzCharged/0",
        "minecraft:coal_ore",
        "minecraft:cobblestone_wall",
        "minecraft:diamond_ore",
        "minecraft:emerald_ore",
        "minecraft:glowstone",
        "minecraft:gold_ore",
        "minecraft:iron_ore",
        "minecraft:lapis_ore",
        "minecraft:lit_redstone_ore",
        "minecraft:mossy_cobblestone",
        "minecraft:nether_brick_fence",
        "minecraft:obsidian",
        "minecraft:quartz_ore",
        "minecraft:redstone_ore"
      ]
    },
    "shears": {
      "name": "Shears",
      "icon": "minecraft:shears",
      "toollist": [
        "IC2:itemToolBronzeHoe",
        "minecraft:shears"
      ],
      "blocklist": [
        "Forestry:leaves",
        "IC2:blockRubLeaves",
        "abyssalcraft:dltleaves/0",
        "abyssalcraft:dreadleaves/0",
        "minecraft:deadbush",
        "minecraft:leaves",
        "minecraft:leaves2",
        "minecraft:tallgrass",
        "minecraft:vine",
        "minecraft:web",
        "minecraft:wool",
        "totemic:totemLeaves/0"
      ]
    },
    "shovel": {
      "name": "Shovel",
      "icon": "minecraft:diamond_shovel",
      "toollist": [
        "IC2:itemToolBronzeSpade",
        "TConstruct:mattock",
        "TConstruct:shovel",
        "appliedenergistics2:item.ToolCertusQuartzSpade",
        "appliedenergistics2:item.ToolNetherQuartzSpade",
        "minecraft:diamond_shovel",
        "minecraft:golden_shovel",
        "minecraft:iron_shovel",
        "minecraft:stone_shovel",
        "minecraft:wooden_shovel"
      ],
      "blocklist": [
        "minecraft:clay",
        "minecraft:gravel"
      ]
    }
  }
}